 month,total_crime,total_suspect,theft,theft_suspect,violence,violence_suspect,drug,drug_suspect,drug_weight_g,crime_per_100_thousand,suspect_per_100_thousand,clearance_percentage,econ_index,recession,time,clearance_percentage_lag1,clearance_percentage_lag2,recession_lag1,recession_lag2,umemploy_people_1000 ,umemployment_rate,job_participation_rate,work_force_1000,non_work_force_1000,drug_lag1,drug_lag2,violence_lag1,violence_lag2
2001M03,40405,14235,28306,2656,989,688,2433,2888,81242.43,181.16,63.82,51.67,10,1,1,57.41,70.1,1,1,380,3.89,57.02,9758,7356,2073,3222,925,1206
2001M04,40765,14677,28241,2998,1014,679,2428,2895,54274.02,182.69,65.78,54.31,9,1,2,51.67,57.41,1,1,385,3.96,56.82,9734,7398,2433,2073,989,925
2001M05,42569,16099,28765,3370,1290,772,2664,3302,23952.57,190.69,72.12,55.3,9,1,3,54.31,51.67,1,1,411,4.22,56.84,9748,7402,2428,2433,1014,989
2001M06,39829,14183,27820,3043,1146,754,2310,2718,24517.72,178.33,63.5,52.92,9,1,4,55.3,54.31,1,1,442,4.51,57.09,9802,7367,2664,2428,1290,1014
2001M07,41603,14071,29111,3286,1322,845,2337,2697,819043.3,186.19,62.97,56.18,9,1,5,52.92,55.3,1,1,485,4.92,57.34,9855,7333,2310,2664,1146,1290
2001M08,44001,15966,29692,3560,1366,951,2816,3238,36772.88,196.82,71.42,57.81,11,1,6,56.18,52.92,1,1,512,5.17,57.51,9896,7312,2337,2310,1322,1146
2001M09,38999,13587,26934,3237,1139,733,2410,2763,33438.18,174.38,60.75,52.92,9,1,7,57.81,56.18,1,1,519,5.26,57.33,9875,7351,2816,2337,1366,1322
2001M10,45261,15306,31863,3625,1417,826,2283,2903,60846.81,202.28,68.41,52.36,9,1,8,52.92,57.81,1,1,527,5.33,57.35,9889,7355,2410,2816,1139,1366
2001M11,43391,16458,29427,3436,1281,875,2335,2727,29476.54,193.82,73.51,55.28,10,1,9,52.36,52.92,1,1,524,5.28,57.46,9919,7343,2283,2410,1417,1139
2001M12,41683,14039,29533,2719,1232,737,1807,2242,125446.06,186.09,62.68,48.3,15,1,10,55.28,52.36,1,1,519,5.22,57.53,9941,7339,2335,2283,1281,1417
2002M01,41405,13251,30042,2143,1046,507,1142,1382,35460.29,184.76,59.13,47.88,15,1,11,48.3,55.28,1,1,512,5.14,57.58,9959,7338,1807,2335,1232,1281
2002M02,38047,18632,25774,5910,1391,1361,2677,3045,49122.21,169.72,83.11,78.29,15,1,12,47.88,48.3,1,1,508,5.12,57.34,9928,7385,1142,1807,1046,1232
2002M03,43794,13935,30606,2581,1080,691,1855,2051,35854.68,195.28,62.14,49.38,20,0,13,78.29,47.88,1,1,513,5.16,57.29,9929,7401,2677,1142,1391,1046
2002M04,44458,13839,30883,2760,1082,577,2012,2321,29897.54,198.16,61.68,50.82,26,0,14,49.38,78.29,0,1,495,4.98,57.27,9935,7413,1855,2677,1080,1391
2002M05,43897,15143,30052,2777,1167,664,1994,2410,98454.06,195.58,67.47,52.75,25,0,15,50.82,49.38,0,0,499,5.02,57.31,9951,7413,2012,1855,1082,1080
2002M06,40899,18760,26766,3546,1224,595,2205,2766,162714.8,182.15,83.55,59.91,25,0,16,52.75,50.82,0,0,509,5.11,57.33,9963,7416,1994,2012,1167,1082
2002M07,42229,18079,27376,4318,1255,871,2260,2966,89200.28,188,80.49,69.05,29,0,17,59.91,52.75,0,0,523,5.23,57.44,9991,7404,2205,1994,1224,1167
2002M08,43599,17000,28431,4032,1497,892,2439,3259,118997.6,194.02,75.65,63.52,24,0,18,69.05,59.91,0,0,536,5.35,57.49,10010,7401,2260,2205,1255,1224
2002M09,40611,14097,27205,3020,1312,703,2280,2741,46336.38,180.65,62.71,56.84,29,0,19,63.52,69.05,0,0,531,5.32,57.24,9974,7452,2439,2260,1497,1255
2002M10,44127,15409,29772,3671,1468,1056,2327,2699,31977.11,196.2,68.51,63.31,23,0,20,56.84,63.52,0,0,530,5.31,57.22,9981,7462,2280,2439,1312,1497
2002M11,40221,13892,26972,3128,1209,777,2144,2429,26663.01,178.74,61.74,62.04,26,0,21,63.31,56.84,0,0,522,5.22,57.29,10002,7457,2327,2280,1468,1312
2002M12,40102,13714,26657,2835,1164,794,2277,2574,55199.08,178.12,60.91,58.59,24,0,22,62.04,63.31,0,0,505,5.04,57.29,10011,7463,2144,2327,1209,1468
2003M01,42083,16411,27148,3673,1322,1054,2809,3203,175306.31,186.83,72.86,68.66,20,0,23,58.59,62.04,0,0,504,5.03,57.34,10028,7460,2277,2144,1164,1209
2003M02,33879,12982,22664,2806,889,707,1776,1917,51579.78,150.36,57.62,66.43,22,0,24,68.66,58.59,0,0,518,5.17,57.24,10019,7483,2809,2277,1322,1164
2003M03,39740,13482,26775,3043,1102,688,2157,2417,57676.43,176.33,59.82,59.73,17,0,25,66.43,68.66,0,0,509,5.08,57.23,10023,7492,1776,2809,889,1322
2003M04,41471,13615,27428,3040,1244,864,2372,2657,39111.04,183.97,60.4,59.86,14,1,26,59.73,66.43,0,0,493,4.92,57.21,10028,7501,2157,1776,1102,889
2003M05,41900,12886,28485,2995,1246,801,2144,2621,340105.76,185.83,57.15,57.62,14,1,27,59.86,59.73,1,0,499,4.98,57.13,10022,7520,2372,2157,1244,1102
2003M06,43393,13691,29421,3204,1439,1008,2082,2410,128757.97,192.42,60.71,62.6,20,0,28,57.62,59.86,1,1,512,5.09,57.26,10054,7504,2144,2372,1246,1244
2003M07,44843,13350,30764,2630,1148,645,2056,2289,70042.23,198.79,59.18,51.75,24,0,29,62.6,57.62,0,1,522,5.16,57.55,10115,7460,2082,2144,1439,1246
2003M08,43579,13240,29235,2781,1065,642,2095,2328,288536.4,193.13,58.68,56.8,26,0,30,51.75,62.6,0,0,529,5.21,57.65,10142,7451,2056,2082,1148,1439
2003M09,41589,12020,28254,2678,995,624,1984,2254,117871.12,184.26,53.26,56.64,29,0,31,56.8,51.75,0,0,510,5.05,57.32,10094,7516,2095,2056,1065,1148
2003M10,43916,12991,29201,2809,928,603,2109,2480,149439.44,194.5,57.54,53.49,31,0,32,56.64,56.8,0,0,497,4.92,57.34,10109,7521,1984,2095,995,1065
2003M11,38856,12008,25653,2615,777,435,2035,2254,761384.04,172.01,53.16,57.34,30,0,33,53.49,56.64,0,0,477,4.71,57.4,10131,7518,2109,1984,928,995
2003M12,39506,12011,25627,2512,811,509,1861,2091,73421.48,174.81,53.15,56.7,34,0,34,57.34,53.49,0,0,465,4.58,57.44,10148,7520,2035,2109,777,928
2004M01,34455,14229,21579,2973,829,673,2708,3038,136387.27,152.4,62.94,70.06,35,0,35,56.7,57.34,0,0,460,4.53,57.44,10157,7527,1861,2035,811,777
2004M02,38543,13626,23766,2713,839,626,2474,2693,86341.43,170.44,60.26,61.74,34,0,36,70.06,56.7,0,0,468,4.61,57.38,10154,7544,2708,1861,829,811
2004M03,42011,13619,26489,2924,807,475,2423,2649,373127.51,185.74,60.21,56.03,36,0,37,61.74,70.06,0,0,452,4.45,57.41,10168,7542,2474,2708,839,829
2004M04,39503,13279,25662,3052,810,543,2586,2751,184576.49,174.61,58.69,63.48,37,0,38,56.03,61.74,0,0,444,4.36,57.42,10176,7545,2423,2474,807,839
2004M05,42548,14362,27950,3102,912,562,2758,2948,511998.42,188.02,63.47,60.07,39,0,39,63.48,56.03,0,0,450,4.41,57.59,10214,7520,2586,2423,810,807
2004M06,41807,13889,26989,2822,887,578,2692,2884,72435.78,184.69,61.36,60.59,36,0,40,60.07,63.48,0,0,466,4.54,57.79,10257,7491,2758,2586,912,810
2004M07,43975,14970,27353,2666,911,557,3577,3950,41583.06,194.2,66.11,61.21,35,0,41,60.59,60.07,0,0,476,4.62,58.01,10305,7458,2692,2758,887,912
2004M08,45646,15628,28514,2870,1171,577,3726,3995,292692.38,201.52,69,59.57,33,0,42,61.21,60.59,0,0,481,4.67,58.04,10318,7460,3577,2692,911,887
2004M09,48398,15559,30533,2993,1400,704,3497,3745,66429.14,213.62,68.67,58.72,32,0,43,59.57,61.21,0,0,461,4.5,57.6,10249,7545,3726,3577,1171,911
2004M10,49171,15391,31509,3080,1474,675,3526,3735,1476149.14,216.96,67.91,58.25,29,0,44,58.72,59.57,0,0,443,4.31,57.71,10280,7532,3497,3726,1400,1171
2004M11,49162,16236,30657,3051,1356,793,4091,4330,264717.67,216.82,71.61,60.04,28,0,45,58.25,58.72,0,0,426,4.14,57.75,10296,7533,3526,3497,1474,1400
2004M12,47086,16187,29319,2785,1310,678,3289,3418,346171.7,207.57,71.36,54.63,26,0,46,60.04,58.25,0,0,422,4.09,57.77,10309,7536,4091,3526,1356,1474
2005M01,45955,17610,26598,3511,1113,615,5266,5612,142687.43,202.51,77.6,65.32,23,0,47,54.63,60.04,0,0,419,4.06,57.78,10320,7541,3289,4091,1310,1356
2005M02,35411,13252,21179,2251,894,462,3496,3708,481471.8,156,58.38,61.58,23,0,48,65.32,54.63,0,0,441,4.28,57.71,10316,7561,5266,3289,1113,1310
2005M03,47494,16507,27367,3777,1125,507,3842,3978,87241.97,209.2,72.71,61.9,22,0,49,61.58,65.32,0,0,428,4.15,57.61,10305,7583,3496,5266,894,1113
2005M04,46179,16211,26845,3599,1141,578,3961,4042,610156.66,203.38,71.4,61.07,20,0,50,61.9,61.58,0,0,417,4.04,57.63,10316,7586,3842,3496,1125,894
2005M05,48375,18047,27633,3545,1280,806,4241,4460,419888.84,213,79.46,63.47,18,0,51,61.07,61.9,0,0,424,4.1,57.72,10343,7575,3961,3842,1141,1125
2005M06,45987,16799,27321,3247,1163,560,3990,4090,534747.54,202.42,73.94,62.36,20,0,52,63.47,61.07,0,0,437,4.22,57.75,10357,7578,4241,3961,1280,1141
2005M07,47821,17767,27924,3515,1130,577,4750,4825,64396.8,210.42,78.18,64.85,19,0,53,62.36,63.47,0,0,449,4.32,57.87,10390,7564,3990,4241,1163,1280
2005M08,52388,20601,29969,3951,1280,731,4866,5166,87147.57,230.43,90.61,68.71,23,0,54,64.85,62.36,0,0,454,4.36,58.02,10427,7546,4750,3990,1130,1163
2005M09,46998,16544,29157,3147,1328,660,4433,4638,194272.67,206.66,72.75,60.8,23,0,55,68.71,64.85,0,0,430,4.14,57.7,10381,7609,4866,4750,1280,1130
2005M10,48087,17557,29980,3279,1243,662,4144,4239,226814.7,211.38,77.18,59.66,24,0,56,60.8,68.71,0,0,424,4.07,57.84,10417,7593,4433,4866,1328,1280
2005M11,46706,18672,28092,3084,1311,706,3616,3710,640246.04,205.24,82.05,61.98,24,0,57,59.66,60.8,0,0,411,3.94,57.88,10435,7594,4144,4433,1243,1328
2005M12,43708,17858,26089,2468,1293,644,2847,2908,5437455.09,191.99,78.44,56.39,27,0,58,61.98,59.66,0,0,403,3.86,57.85,10440,7608,3616,4144,1311,1243
2006M01,43932,19418,24951,3864,1107,731,4559,4772,119826.44,192.9,85.26,69.83,28,0,59,56.39,61.98,0,0,397,3.8,57.76,10435,7631,2847,3616,1293,1311
2006M02,41892,19089,23077,2885,1182,665,3318,3473,105403.83,183.88,83.79,66.73,28,0,60,69.83,56.39,0,0,408,3.92,57.6,10414,7667,4559,2847,1107,1293
2006M03,43449,18091,23913,2791,1341,654,3392,3538,683077.04,190.67,79.39,58.75,23,0,61,66.73,69.83,0,0,404,3.87,57.65,10434,7664,3318,4559,1182,1107
2006M04,42664,17521,24232,3297,1029,621,3811,3986,58769.46,187.17,76.87,64.13,23,0,62,58.75,66.73,0,0,395,3.78,57.65,10443,7672,3392,3318,1341,1182
2006M05,43362,17845,24485,3345,1068,678,3406,3624,241831.65,190.17,78.26,63.56,24,0,63,64.13,58.75,0,0,402,3.84,57.72,10466,7667,3811,3392,1029,1341
2006M06,40635,17990,22786,3215,1015,665,3150,3292,203379.97,178.14,78.87,66.09,21,0,64,63.56,64.13,0,0,418,3.98,57.79,10491,7661,3406,3811,1068,1029
2006M07,42760,18898,23721,3325,892,715,3838,3982,144319.45,187.39,82.82,70.15,21,0,65,66.09,63.56,0,0,428,4.05,58.12,10562,7611,3150,3406,1015,1068
2006M08,46663,21746,24884,3798,899,649,5258,5419,59340.53,204.41,95.26,74.23,22,0,66,70.15,66.09,0,0,434,4.09,58.29,10604,7589,3838,3150,892,1015
2006M09,42464,19181,23344,3589,961,652,3683,3866,260979.98,185.96,84,70.73,22,0,67,74.23,70.15,0,0,419,3.96,58.05,10573,7639,5258,3838,899,892
2006M10,42028,18150,23708,3179,932,705,3480,3590,34965.88,183.97,79.45,61.81,20,0,68,70.73,74.23,0,0,413,3.9,58.11,10595,7639,3683,5258,961,899
2006M11,43398,23112,21667,3624,885,670,4092,4242,352656.59,189.87,101.12,70.27,21,0,69,61.81,70.73,0,0,410,3.86,58.15,10616,7641,3480,3683,932,961
2006M12,39541,18152,20793,3015,915,573,3418,3473,215657.64,172.9,79.37,63.85,16,1,70,70.27,61.81,0,0,405,3.81,58.16,10633,7648,4092,3480,885,932
2007M01,40860,20395,20476,3115,861,553,3297,3425,370475.55,178.6,89.15,67.49,18,0,71,63.85,70.27,1,0,403,3.79,58.17,10643,7654,3418,4092,915,885
2007M02,36979,23166,17804,3846,821,830,5324,5420,352749.85,161.63,101.25,83.63,19,0,72,67.49,63.85,0,1,402,3.78,58.14,10646,7665,3297,3418,861,915
2007M03,40942,22575,19967,3341,825,759,4325,4357,187862.34,178.94,98.67,74.23,23,0,73,83.63,67.49,0,0,420,3.94,58.2,10664,7659,5324,3297,821,861
2007M04,37800,19080,18994,3139,702,476,3464,3575,284101.04,165.18,83.38,69.64,18,0,74,74.23,83.63,0,0,408,3.83,58.09,10653,7687,4325,5324,825,821
2007M05,40880,21830,19903,3788,731,607,4206,4255,1991539.89,178.59,95.37,73.54,20,0,75,69.64,74.23,0,0,413,3.87,58.14,10673,7685,3464,4325,702,825
2007M06,38026,19265,19463,3399,719,535,3556,3667,63305.42,166.07,84.13,72.38,25,0,76,73.54,69.64,0,0,423,3.96,58.14,10685,7692,4206,3464,731,702
2007M07,44160,23311,21606,3426,876,700,5264,5347,41670.67,192.78,101.77,72.76,30,0,77,72.38,73.54,0,0,433,4.03,58.45,10754,7644,3556,4206,719,731
2007M08,43248,24112,20384,3419,773,598,5475,5552,273700.35,188.73,105.22,76.38,30,0,78,72.76,72.38,0,0,442,4.09,58.61,10795,7623,5264,3556,876,719
2007M09,42540,22825,20904,3612,815,611,4740,4750,271909.78,185.58,99.57,74.39,32,0,79,76.38,72.76,0,0,429,3.99,58.24,10739,7700,5475,5264,773,876
2007M10,44871,24803,21690,3827,842,664,4914,4902,686959.01,195.69,108.17,77.65,32,0,80,74.39,76.38,0,0,421,3.92,58.19,10741,7719,4740,5475,815,773
2007M11,40413,22834,19799,3589,762,595,4390,4447,52919.54,176.17,99.54,78.63,28,0,81,77.65,74.39,0,0,417,3.87,58.25,10766,7715,4914,4740,842,815
2007M12,41096,21664,20101,3552,807,601,3880,3984,420189.21,179.05,94.39,74.87,29,0,82,78.63,77.65,0,0,414,3.83,58.34,10795,7708,4390,4914,762,842
2008M01,41018,26439,20158,3969,726,564,4738,4919,149836.15,178.63,115.14,77.39,29,0,83,74.87,78.63,0,0,411,3.8,58.32,10802,7720,3880,4390,807,762
2008M02,34493,21983,16809,4049,621,582,4464,4412,43188.04,150.17,95.7,84.64,27,0,84,77.39,74.87,0,0,424,3.94,58.11,10773,7766,4738,3880,726,807
2008M03,40368,22655,19398,3655,730,612,4706,4745,163749.74,175.69,98.6,72.6,26,0,85,84.64,77.39,0,0,417,3.86,58.18,10797,7760,4464,4738,621,726
2008M04,39091,21037,19456,3926,700,532,4153,4162,108946.16,170.1,91.54,75.56,27,0,86,72.6,84.64,0,0,412,3.81,58.19,10807,7766,4706,4464,730,621
2008M05,39491,22872,19091,3978,760,682,4474,4484,812144.58,171.81,99.5,76.88,22,0,87,75.56,72.6,0,0,416,3.84,58.25,10829,7762,4153,4706,700,730
2008M06,38472,22492,18488,3830,628,599,4096,4042,30725.86,167.33,97.83,78.04,20,0,88,76.88,75.56,0,0,428,3.95,58.26,10842,7768,4474,4153,760,700
2008M07,41083,25132,18652,4042,700,573,6133,6301,70327.25,178.64,109.28,80.06,16,1,89,78.04,76.88,0,0,442,4.06,58.39,10878,7752,4096,4474,628,760
2008M08,41359,25509,17656,3627,686,554,6007,5905,280986.21,179.8,110.89,78.85,18,0,90,80.06,78.04,1,0,452,4.14,58.53,10916,7735,6133,4096,700,628
2008M09,36307,21890,15616,3246,675,558,4060,4018,219428.38,157.81,95.15,78.2,12,1,91,78.85,80.06,0,1,464,4.27,58.22,10869,7800,6007,6133,686,700
2008M10,36301,22044,15636,3121,729,597,3738,3799,4453308.83,157.75,95.79,76.82,12,1,92,78.2,78.85,1,0,476,4.37,58.32,10901,7790,4060,6007,675,686
2008M11,32869,19085,14462,2444,595,447,3115,3148,153816.88,142.77,82.9,74.38,11,1,93,76.82,78.2,1,1,507,4.64,58.35,10917,7794,3738,4060,729,675
2008M12,32587,20048,13929,2477,567,543,2773,2827,517016.28,141.48,87.04,73.96,9,1,94,74.38,76.82,1,1,549,5.03,58.2,10903,7829,3115,3738,595,729
2009M01,32317,22120,14133,3956,555,433,3469,3619,292953.2,140.25,96,89.52,9,1,95,73.96,74.38,1,1,578,5.31,58.02,10881,7873,2773,3115,567,595
2009M02,33953,24591,13612,3761,603,561,3935,4021,98882.64,147.32,106.7,84.97,10,1,96,89.52,73.96,1,1,624,5.75,57.79,10848,7924,3469,2773,555,567
2009M03,34503,22930,12907,2654,648,539,3834,4108,430761.4,149.66,99.46,77.71,10,1,97,84.97,89.52,1,1,630,5.81,57.75,10850,7938,3935,3469,603,555
2009M04,32279,21957,12225,2753,546,506,3864,4038,401170.78,139.98,95.22,79.25,11,1,98,77.71,84.97,1,1,625,5.76,57.7,10851,7956,3834,3935,648,603
2009M05,31793,20459,12918,2775,597,499,3552,3703,307526.44,137.86,88.72,78.51,12,1,99,79.25,77.71,1,1,633,5.82,57.76,10874,7952,3864,3834,546,648
2009M06,31065,20689,12454,2751,614,548,2907,3116,496753.09,134.68,89.69,79.5,17,0,100,78.51,79.25,1,1,647,5.94,57.79,10891,7953,3552,3864,597,546
2009M07,33979,23208,13197,2878,564,540,5191,5482,361342.99,147.27,100.58,80.74,18,0,101,79.5,78.51,0,1,663,6.07,57.9,10922,7942,2907,3552,614,597
2009M08,32891,22036,13091,2906,579,500,4635,4976,565437.62,142.51,95.48,81.09,18,0,102,80.74,79.5,0,0,672,6.13,58.03,10957,7925,5191,2907,564,614
2009M09,31534,21147,12870,2877,559,578,3452,3694,414291.94,136.6,91.61,81.72,20,0,103,81.09,80.74,0,0,661,6.04,57.88,10939,7961,4635,5191,579,564
2009M10,31522,21470,12968,2993,561,522,3624,3844,61918.87,136.5,92.97,81.9,26,0,104,81.72,81.09,0,0,653,5.96,57.94,10963,7958,3452,4635,559,579
2009M11,30395,20124,12613,2782,500,463,3377,3572,397528.92,131.56,87.1,77.76,37,0,105,81.9,81.72,0,0,645,5.86,58.15,11014,7926,3624,3452,561,559
2009M12,29844,21242,12163,2499,438,450,3073,3227,598884.38,129.11,91.9,75.36,37,0,106,77.76,81.9,0,0,632,5.74,58.11,11016,7942,3377,3624,500,561
2010M01,29403,18763,11495,2033,401,321,2868,3118,1087162.85,127.16,81.15,68.73,38,0,107,75.36,77.76,0,0,626,5.68,58.04,11014,7962,3073,3377,438,500
2010M02,34191,28580,14871,6805,456,598,4837,5079,1177844.4,147.85,123.58,105.26,38,0,108,68.73,75.36,0,0,634,5.76,57.96,11007,7985,2868,3073,401,438
2010M03,34018,23192,12546,2765,490,477,4331,4448,481752.36,147.08,100.27,76.53,39,0,109,105.26,68.73,0,0,624,5.67,57.92,11008,7999,4837,2868,456,401
2010M04,29978,20600,12066,2993,395,397,3911,4178,255702.78,129.59,89.05,79.73,39,0,110,76.53,105.26,0,0,593,5.39,57.87,11007,8014,4331,4837,490,456
2010M05,32195,22474,12641,3071,475,463,4005,4290,457771.59,139.17,97.15,78.38,37,0,111,79.73,76.53,0,0,567,5.14,57.92,11026,8011,3911,4331,395,490
2010M06,29524,22025,11226,2854,446,411,3237,3434,149421.51,127.6,95.19,79.43,37,0,112,78.38,79.73,0,0,570,5.16,58.02,11053,7999,4005,3911,475,395
2010M07,31612,23002,11689,2889,480,444,4917,5170,270485.78,136.61,99.4,79.1,38,0,113,79.43,78.38,0,0,578,5.2,58.29,11116,7953,3237,4005,446,475
2010M08,33625,24465,11872,3016,563,508,5089,5424,250979.45,145.29,105.71,79.32,38,0,114,79.1,79.43,0,0,576,5.17,58.4,11146,7939,4917,3237,480,446
2010M09,30626,21738,11772,3107,462,441,4130,4339,280085.82,132.32,93.92,79.47,37,0,115,79.32,79.1,0,0,560,5.05,58.07,11091,8008,5089,4917,563,480
2010M10,30650,22164,11681,2975,405,478,4062,4258,439766.18,132.41,95.75,79.42,34,0,116,79.47,79.32,0,0,546,4.92,58.09,11106,8012,4130,5089,462,563
2010M11,28569,23985,10703,2852,393,458,4082,4344,238785.19,123.39,103.59,78.48,32,0,117,79.42,79.47,0,0,527,4.73,58.17,11132,8004,4062,4130,405,462
2010M12,27543,18352,10212,2194,346,369,2849,2996,257035.73,118.93,79.24,68.62,34,0,118,78.48,79.42,0,0,520,4.67,58.13,11133,8020,4082,4062,393,405
2011M01,33209,24579,12629,4362,410,372,4119,4425,189886.12,143.37,106.11,86.31,34,0,119,68.62,78.48,0,0,517,4.64,58.11,11140,8030,2849,4082,346,393
2011M02,28821,22853,10901,4454,288,369,3149,3282,314891.36,124.42,98.66,88.58,34,0,120,86.31,68.62,0,0,522,4.69,57.98,11123,8060,4119,2849,410,346
2011M03,30456,22187,9757,2479,390,419,4206,4489,514618.03,131.47,95.78,76.27,31,0,121,88.58,86.31,0,0,499,4.48,57.97,11128,8070,3149,4119,288,410
2011M04,28195,20323,9933,3016,376,426,3630,3931,122953.88,121.7,87.72,76.27,29,0,122,76.27,88.58,0,0,477,4.29,57.91,11126,8088,4206,3149,390,288
2011M05,29365,21664,9879,3060,440,486,3920,4108,847519.96,126.72,93.49,77.75,27,0,123,76.27,76.27,0,0,476,4.27,57.97,11146,8082,3630,4206,376,390
2011M06,27160,19230,9551,2694,332,398,3197,3349,436827.67,117.18,82.97,76.71,25,0,124,77.75,76.27,0,0,486,4.35,58.11,11183,8061,3920,3630,440,376
2011M07,31453,23637,9673,3038,352,447,5440,5723,606528.97,135.67,101.95,78.39,23,0,125,76.71,77.75,0,0,496,4.41,58.4,11248,8012,3197,3920,332,440
2011M08,31435,24058,9644,3002,376,479,5216,5582,242807,135.55,103.74,79.37,20,0,126,78.39,76.71,0,0,502,4.45,58.54,11284,7992,5440,3197,352,332
2011M09,27767,20961,9199,2882,322,339,3294,3555,95161.34,119.71,90.37,79.09,21,0,127,79.37,78.39,0,0,481,4.28,58.22,11231,8060,5216,5440,376,352
2011M10,27821,21148,9290,2822,372,461,3533,3766,942147.46,119.91,91.15,80.18,19,0,128,79.09,79.37,0,0,484,4.3,58.26,11249,8060,3294,5216,322,376
2011M11,27194,20974,8630,2713,268,391,3712,3918,45542,117.16,90.37,79.08,16,1,129,80.18,79.09,0,0,482,4.28,58.32,11270,8055,3533,3294,372,322
2011M12,24798,18742,7745,1756,264,342,2583,2747,287406.64,106.8,80.72,74.18,14,1,130,79.08,80.18,1,0,471,4.18,58.28,11273,8069,3712,3533,268,372
2012M01,28063,23748,10858,5170,257,314,3372,3561,130334.97,120.82,102.24,93.99,13,1,131,74.18,79.08,1,1,472,4.18,58.27,11280,8079,2583,3712,264,268
2012M02,27688,22695,9506,3973,304,328,3761,3938,45719.47,119.18,97.69,85.39,15,1,132,93.99,74.18,1,1,479,4.25,58.18,11270,8102,3372,2583,257,264
2012M03,27916,21416,8795,2806,311,365,3680,3872,51943.32,120.14,92.16,78.3,14,1,133,85.39,93.99,1,1,470,4.17,58.17,11276,8109,3761,3372,304,257
2012M04,27028,21079,8335,2854,339,381,4022,4237,251513.69,116.29,90.69,79.97,14,1,134,78.3,85.39,1,1,463,4.1,58.15,11281,8118,3680,3761,311,304
2012M05,27177,22044,8555,2952,313,390,3712,3952,502496.8,116.9,94.82,81.94,15,1,135,79.97,78.3,1,1,466,4.12,58.21,11300,8113,4022,3680,339,311
2012M06,23803,18121,7648,2353,243,316,2511,2647,696331.79,102.35,77.92,78.82,15,1,136,81.94,79.97,1,1,477,4.21,58.32,11331,8097,3712,4022,313,339
2012M07,29405,25410,8520,3210,318,531,4450,4660,85646.44,126.39,109.22,84.29,16,1,137,78.82,81.94,1,1,490,4.31,58.49,11372,8070,2511,3712,243,313
2012M08,27421,23782,7928,3067,303,521,4510,4891,202206.52,117.83,102.19,86.58,15,1,138,84.29,78.82,1,1,502,4.4,58.61,11403,8053,4450,2511,318,243
2012M09,25961,21342,7979,2910,346,428,3559,3766,76549.86,111.52,91.68,84.03,20,0,139,86.58,84.29,1,1,491,4.32,58.39,11369,8102,4510,4450,303,318
2012M10,26195,21991,8139,2807,286,386,3708,4039,352372.94,112.48,94.43,84.98,19,0,140,84.03,86.58,0,1,493,4.33,58.45,11391,8097,3559,4510,346,303
2012M11,24368,21131,7458,2783,225,306,3652,4012,364863.59,104.59,90.69,86.09,21,0,141,84.98,84.03,0,0,487,4.27,58.48,11405,8098,3708,3559,286,346
2012M12,22331,19299,6543,2174,216,261,3064,3468,200923.26,95.8,82.79,82.42,22,0,142,86.09,84.98,0,0,477,4.18,58.45,11408,8110,3652,3708,225,286
2013M01,23909,20367,6883,2030,212,241,3199,3586,1016019.04,102.53,87.34,81.44,19,0,143,82.42,86.09,0,0,475,4.16,58.42,11410,8121,3064,3652,216,225
2013M02,29306,29065,11424,8179,213,321,4065,4349,89498.16,125.63,124.6,107.64,20,0,144,81.44,82.42,0,0,483,4.24,58.32,11398,8146,3199,3064,212,216
2013M03,23763,20788,6644,2374,207,270,3906,4202,82131.39,101.85,89.1,85.15,18,0,145,107.64,81.44,0,0,475,4.17,58.28,11396,8159,4065,3199,213,212
2013M04,22417,18754,6457,2523,207,266,3154,3368,36722.97,96.07,80.37,85.48,17,0,146,85.15,107.64,0,0,464,4.07,58.23,11392,8171,3906,4065,207,213
2013M05,22956,18585,6541,2385,245,215,3520,3737,562170.84,98.36,79.63,86.1,19,0,147,85.48,85.15,0,0,463,4.06,58.25,11401,8171,3154,3906,207,207
2013M06,22530,18448,6339,2409,201,238,2878,3056,114039.34,96.52,79.03,86.22,23,0,148,86.1,85.48,0,0,473,4.14,58.38,11432,8151,3520,3154,245,207
2013M07,25828,22011,6553,2561,208,268,3735,3989,231236.24,110.63,94.28,88.43,20,0,149,86.22,86.1,0,0,487,4.25,58.55,11471,8121,2878,3520,201,245
2013M08,25829,21800,6354,2405,226,253,3529,3822,200890.44,110.61,93.35,87.4,20,0,150,88.43,86.22,0,0,497,4.33,58.66,11498,8104,3735,2878,208,201
2013M09,25663,21721,6541,2391,209,227,3026,3306,80859.99,109.88,93,86.54,20,0,151,87.4,88.43,0,0,486,4.24,58.47,11466,8145,3529,3735,226,208
2013M10,26331,22396,6404,2526,216,273,3282,3501,790671.02,112.72,95.88,85.92,21,0,152,86.54,87.4,0,0,487,4.24,58.52,11483,8138,3026,3529,209,226
2013M11,25178,22044,5902,2247,193,257,3378,3664,678317.78,107.76,94.35,83.71,21,0,153,85.92,86.54,0,0,478,4.16,58.57,11497,8133,3282,3026,216,209
2013M12,25257,19331,6454,1438,188,223,2458,2688,529961.29,108.07,82.72,70.79,24,0,154,83.71,85.92,0,0,469,4.08,58.55,11498,8141,3378,3282,193,216
2014M01,32724,31137,10125,7281,218,269,3401,3674,1402334.72,139.99,133.2,97.34,22,0,155,70.79,83.71,0,0,462,4.02,58.52,11498,8151,2458,3378,188,193
2014M02,25364,24714,7251,4571,172,262,3205,3402,116863.43,108.49,105.71,93.03,25,0,156,97.34,70.79,0,0,470,4.09,58.44,11489,8169,3401,2458,218,188
2014M03,26533,21326,6066,2315,200,237,2955,3132,542157.39,113.49,91.22,78.68,25,0,157,93.03,97.34,0,0,463,4.03,58.42,11490,8177,3205,3401,172,218
2014M04,26166,19693,6309,2333,205,246,2893,3123,401242.81,111.91,84.23,78.05,29,0,158,78.68,93.03,0,0,449,3.91,58.39,11489,8187,2955,3205,200,172
2014M05,24876,18789,6381,2419,174,246,2979,3262,958804.33,106.38,80.35,80.96,24,0,159,78.05,78.68,0,0,443,3.85,58.39,11496,8192,2893,2955,205,200
2014M06,24768,18255,5979,2267,212,199,2955,3155,406255.62,105.89,78.05,79.87,26,0,160,80.96,78.05,0,0,451,3.92,58.45,11513,8185,2979,2893,174,205
2014M07,26035,21405,5954,2372,209,261,3868,4218,113059.41,111.28,91.49,86.35,27,0,161,79.87,80.96,0,0,464,4.02,58.63,11555,8154,2955,2979,212,174
2014M08,24773,21534,5786,2423,202,244,3630,3974,268394.15,105.86,92.02,89.11,29,0,162,86.35,79.87,0,0,473,4.08,58.73,11583,8138,3868,2955,209,212
2014M09,24485,21593,5711,2459,200,271,3649,3906,740335.42,104.6,92.25,90.83,27,0,163,89.11,86.35,0,0,458,3.96,58.57,11557,8174,3630,3868,202,209
2014M10,24203,21018,5811,2484,168,249,3276,3489,367072.2,103.37,89.77,88.82,24,0,164,90.83,89.11,0,0,457,3.95,58.64,11577,8165,3649,3630,200,202
2014M11,23014,20744,5351,2034,158,167,3079,3289,139334.13,98.26,88.57,85.24,25,0,165,88.82,90.83,0,0,451,3.89,58.66,11588,8167,3276,3649,168,200
2014M12,23359,21395,5606,1616,171,174,2479,2641,1256624.17,99.7,91.32,81.07,22,0,166,85.24,88.82,0,0,439,3.79,58.64,11590,8176,3079,3276,158,168
2015M01,22849,18754,4670,919,164,222,2787,3053,552648.89,97.49,80.02,81.97,23,0,167,81.07,85.24,0,0,430,3.71,58.6,11589,8188,2479,3079,171,158
2015M02,29989,32129,10012,9179,112,193,3521,3798,784236.25,127.92,137.05,108.83,24,0,168,81.97,81.07,0,0,428,3.69,58.56,11588,8200,2787,2479,164,171
2015M03,24764,21124,5533,2254,157,206,3823,4111,865017.98,105.62,90.09,91.12,22,0,169,108.83,81.97,0,0,431,3.72,58.55,11593,8206,3521,2787,112,164
2015M04,24210,21093,5083,2201,173,193,4159,4482,633480.47,103.24,89.95,90.67,16,1,170,91.12,108.83,0,0,421,3.63,58.51,11591,8219,3823,3521,157,112
2015M05,24375,21371,5355,2333,159,180,4163,4538,370648.82,103.92,91.12,89.88,18,0,171,90.67,91.12,1,0,420,3.62,58.52,11600,8223,4159,3823,173,157
2015M06,24581,21574,5138,2207,168,215,3970,4247,101475.13,104.78,91.96,88.68,16,1,172,89.88,90.67,0,1,431,3.71,58.57,11617,8218,4163,4159,159,173
2015M07,24991,22315,5355,2633,158,210,4582,5051,1247275.15,106.52,95.11,90.46,14,1,173,88.68,89.88,1,0,445,3.82,58.74,11656,8187,3970,4163,168,159
2015M08,25278,23195,5158,2523,151,249,5174,5592,823316.47,107.73,98.86,92.13,14,1,174,90.46,88.68,1,1,456,3.9,58.85,11686,8170,4582,3970,158,168
2015M09,24611,22189,5012,2616,170,181,4289,4670,80209.78,104.88,94.55,92.2,14,1,175,92.13,90.46,1,1,454,3.89,58.72,11667,8202,5174,4582,151,158
2015M10,24538,22775,4995,2590,214,220,4627,4965,1292651.4,104.54,97.03,92.97,15,1,176,92.2,92.13,1,1,455,3.9,58.73,11680,8207,4289,5174,170,151
2015M11,24373,22613,4803,2270,173,224,4477,4812,807747.32,103.8,96.31,90.98,15,1,177,92.97,92.2,1,1,457,3.91,58.74,11692,8211,4627,4289,214,170
2015M12,23241,20164,5141,2188,157,229,4004,4303,72588.07,98.95,85.85,87.79,14,1,178,90.98,92.97,1,1,453,3.87,58.72,11695,8221,4477,4627,173,214
2016M01,22414,21216,4526,2456,140,171,3567,3872,565933.38,95.4,90.3,93.32,14,1,179,87.79,90.98,1,1,453,3.87,58.7,11697,8230,4004,4477,157,173
2016M02,21607,20436,4198,2135,122,160,2743,2915,544819.37,91.96,86.97,94.22,16,1,180,93.32,87.79,1,1,462,3.95,58.66,11693,8239,3567,4004,140,157
2016M03,25315,23668,5085,2957,131,210,4625,4932,482955.8,107.74,100.73,95.53,16,1,181,94.22,93.32,1,1,455,3.89,58.64,11692,8245,2743,3567,122,140
2016M04,24616,21977,4890,2453,144,187,4703,5032,109980.26,104.76,93.53,92.8,17,0,182,95.53,94.22,1,1,451,3.86,58.63,11693,8250,4625,2743,131,122
2016M05,26892,24940,5408,3009,158,201,5123,5554,272036.51,114.43,106.12,94.16,20,0,183,92.8,95.53,0,1,449,3.84,58.63,11695,8253,4703,4625,144,131
2016M06,24502,22149,5014,2672,139,178,4082,4397,192835.01,104.24,94.23,92.33,20,0,184,94.16,92.8,0,0,459,3.92,58.68,11710,8246,5123,4703,158,144
2016M07,26762,25048,4853,2649,151,187,6581,7209,1570756.87,113.82,106.53,93.29,23,0,185,92.33,94.16,0,0,472,4.02,58.84,11747,8218,4082,5123,139,158
2016M08,26381,24619,4933,2755,124,167,5745,6281,322072.22,112.18,104.69,94.35,25,0,186,93.29,92.33,0,0,480,4.08,58.93,11770,8202,6581,4082,151,139
2016M09,22294,20913,4387,2567,125,189,3795,3939,135576.84,94.79,88.92,94.86,23,0,187,94.35,93.29,0,0,469,3.99,58.79,11745,8234,5745,6581,124,151
2016M10,25450,23664,5041,2912,137,196,4909,5160,76479.31,108.19,100.6,91.34,24,0,188,94.86,94.35,0,0,464,3.95,58.81,11755,8233,3795,5745,125,124
2016M11,25676,23657,4840,2693,134,178,4949,5129,227162.25,109.12,100.54,91.14,26,0,189,91.34,94.86,0,0,455,3.87,58.82,11762,8234,4909,3795,137,125
2016M12,22922,20530,4431,2285,122,184,4051,4287,115490.93,97.39,87.23,88.09,28,0,190,91.14,91.34,0,0,446,3.79,58.8,11761,8242,4949,4909,134,137
2017M01,24728,23737,3959,2296,96,156,3962,4280,1508365.66,105.04,100.83,93.36,29,0,191,88.09,91.14,0,0,445,3.78,58.79,11765,8246,4051,4949,122,134
2017M02,20966,20193,4046,2419,98,145,3945,4262,853259.15,89.05,85.77,95.49,28,0,192,93.36,88.09,0,0,453,3.85,58.75,11760,8257,3962,4051,96,122
2017M03,25422,24450,4642,2840,115,162,5226,5601,481728.84,107.97,103.84,94.35,24,0,193,95.49,93.36,0,0,445,3.78,58.73,11758,8264,3945,3962,98,96
2017M04,22795,21887,4344,2535,109,147,3921,4186,1056103.41,96.81,92.95,93.31,21,0,194,94.35,95.49,0,0,432,3.67,58.7,11757,8273,5226,3945,115,98
2017M05,25257,24564,4701,2896,113,159,5004,5338,1511940.37,107.25,104.31,94.62,20,0,195,93.31,94.35,0,0,431,3.66,58.7,11762,8276,3921,5226,109,115
2017M06,23715,22835,4410,2625,120,163,4496,4766,408373.9,100.7,96.96,93.27,22,0,196,94.62,93.31,0,0,440,3.74,58.75,11777,8268,5004,3921,113,109
2017M07,27453,27481,4368,2867,108,187,6782,7246,553893.82,116.56,116.67,95.88,22,0,197,93.27,94.62,0,0,454,3.84,58.91,11813,8239,4496,5004,120,113
2017M08,27745,27589,4496,2889,123,175,6381,6834,640275.17,117.79,117.12,95.96,25,0,198,95.88,93.27,0,0,461,3.89,59.01,11838,8222,6782,4496,108,120
2017M09,24647,24721,4196,2623,100,156,5437,5875,519979.21,104.63,104.94,95.62,28,0,199,95.96,95.88,0,0,445,3.77,58.86,11811,8254,6381,6782,123,108
2017M10,24734,24807,4432,2918,118,180,4438,4739,180938.81,104.98,105.29,95.5,23,0,200,95.62,95.96,0,0,443,3.75,58.91,11825,8249,5437,6381,100,123
2017M11,24131,24334,4267,2884,87,157,5017,5386,349589.74,102.4,103.27,95.9,23,0,201,95.5,95.62,0,0,439,3.71,58.94,11837,8246,4438,5437,118,100
2017M12,21860,20696,4164,2412,73,123,3906,4131,1621020.93,92.75,87.81,90.81,22,0,202,95.9,95.5,0,0,433,3.66,58.92,11838,8253,5017,4438,87,118
2018M01,24026,24695,4005,2972,84,149,4566,5017,739925.57,101.93,104.77,95.47,20,0,203,90.81,95.9,0,0,430,3.63,58.91,11839,8257,3906,5017,73,87
2018M02,19267,19932,3101,2163,72,98,3741,4098,1256317.19,81.74,84.56,95.67,24,0,204,95.47,90.81,0,0,438,3.7,58.88,11835,8267,4566,3906,84,73
2018M03,25511,26467,4050,3106,89,143,5130,5627,1601060.04,108.23,112.28,96.59,23,0,205,95.67,95.47,0,0,433,3.66,58.87,11836,8270,3741,4566,72,84
2018M04,24624,24506,3750,2711,78,110,5121,5502,2552663.78,104.46,103.96,93.92,26,0,206,96.59,95.67,0,0,431,3.64,58.86,11836,8274,5130,3741,89,72
2018M05,25457,25251,4168,2885,102,207,5102,5450,302301.7,108,107.12,95.35,29,0,207,93.92,96.59,0,0,430,3.63,58.86,11841,8275,5121,5130,78,89
2018M06,22654,22983,3690,2522,74,123,4598,4894,8586437.96,96.1,97.5,95.82,22,0,208,95.35,93.92,0,0,439,3.7,58.92,11857,8267,5102,5121,102,78
2018M07,24926,25650,3998,2925,95,131,5444,5825,346650.67,105.73,108.8,96.72,27,0,209,95.82,95.35,0,0,453,3.81,59.09,11896,8235,4598,5102,74,102
,,,,,,,,,,,,,,,,,,,,,,,,,,,,
,,,,,,,,,,,,,,,,,,,,,,,,,,,,
